{
    "description": "项目配置文件。",
    "setting": {
        "urlCheck": true,
        "scopeDataCheck": false,
        "coverView": true,
        "es6": false,
        "postcss": true,
        "compileHotReLoad": false,
        "lazyloadPlaceholderEnable": false,
        "preloadBackgroundData": false,
        "minified": true,
        "autoAudits": false,
        "newFeature": false,
        "uglifyFileName": false,
        "uploadWithSourceMap": true,
        "useIsolateContext": true,
        "nodeModules": false,
        "enhance": true,
        "useMultiFrameRuntime": true,
        "useApiHook": true,
        "useApiHostProcess": true,
        "showShadowRootInWxmlPanel": true,
        "packNpmManually": false,
        "packNpmRelationList": [],
        "minifyWXSS": true,
        "disableUseStrict": false
    },
    "compileType": "miniprogram",
    "libVersion": "1.9.91",
    "appid": "wx522d1368974fcb5e",
    "projectname": "%E6%89%93%E5%B7%A5%E4%BA%BA%E8%AE%A1%E7%AE%97%E5%99%A8",
    "isGameTourist": false,
    "condition": {
        "search": {
            "list": []
        },
        "conversation": {
            "list": []
        },
        "game": {
            "currentL": -1,
            "list": []
        },
        "miniprogram": {
            "list": []
        }
    }
}